product_category,avg_rating
Office,3.0257924176507158
Nest-USA,3.882857974388823
Bags,2.930769230769231
Apparel,2.2290239245198169
Drinkware,2.9901790872328142
Nest,3.5294117647058796
Lifestyle,2.9846449136276365
Nest-Canada,2.0985915492957736
Headgear,2.4756756756756766
Google,2.0370370370370372
Notebooks & Journals,2.4666666666666655
Bottles,3.2153846153846151
Backpacks,1.8809523809523809
Fun,2.2987012987012974
Gift Cards,2.1538461538461524
Waze,2.6190476190476204
Accessories,2.192660550458716
Android,1.9
Housewares,3.2962962962962967
More Bags,2.2380952380952381