gender,product_category,total_revenue
M,Office,40707.449000000088
M,Nest-USA,415685.82799999916
M,Bags,19104.851000000006
M,Apparel,93375.9450000005
M,Drinkware,36156.786000000051
M,Nest,87436.255999999921
M,Lifestyle,14204.388999999974
M,Nest-Canada,12324.423000000006
M,Headgear,11810.293999999998
F,Nest,125030.45200000005
F,Nest-USA,663295.59299999347
F,Apparel,156875.75600000066
F,Office,72529.841999999815
F,Bags,42015.445999999967
F,Lifestyle,19357.727999999981
F,Google,4249.4269999999988
F,Drinkware,48923.158999999985
F,Notebooks & Journals,30058.924000000017
F,Bottles,1363.0669999999998
M,Notebooks & Journals,22209.6
M,Backpacks,1797.154
F,Headgear,20243.409000000003
M,Bottles,1809.3450000000005
M,Fun,2197.2859999999991
F,Gift Cards,7925.9339999999993
F,Nest-Canada,16207.409
F,Waze,1829.995
F,Accessories,3126.690000000001
M,Accessories,1011.4499999999999
M,Waze,832.53800000000047
F,Android,165.492
M,Gift Cards,1598.851
M,Housewares,602.82999999999993
M,Google,1098.8109999999997
F,More Bags,466.726
F,Backpacks,1656.868
F,Housewares,1212.1399999999999
F,Fun,1117.9790000000005
M,More Bags,162.277
M,Android,135.72099999999998