loyalty_program_status,product_category,category_revenue,total_transactions
Bronze,Nest-USA,351090.78799999983,2230
Bronze,Apparel,70663.322000000015,2778
Bronze,Nest,69936.266999999891,346
Bronze,Office,42695.14499999999,1043
Bronze,Drinkware,30374.979000000025,555
Bronze,Bags,22265.305000000011,295
Bronze,Headgear,12322.400999999983,133
Bronze,Lifestyle,11888.440999999992,469
Bronze,Notebooks & Journals,9490.7230000000036,97
Bronze,Nest-Canada,8878.2830000000013,45
Bronze,Google,2639.849,23
Bronze,Fun,2220.8089999999988,30
Bronze,Gift Cards,1766.351,14
Bronze,Backpacks,1295.951,13
Bronze,Waze,944.02100000000064,84
Bronze,Accessories,892.7700000000001,36
Bronze,Housewares,741.93000000000006,18
Bronze,Bottles,543.11500000000012,41
Bronze,More Bags,184.26,5
Bronze,Android,120.65299999999999,8
Gold,Nest-USA,109955.91900000031,699
Gold,Apparel,38814.879999999976,1051
Gold,Nest,19625.397000000012,95
Gold,Office,13502.764000000001,385
Gold,Drinkware,9735.0599999999977,178
Gold,Notebooks & Journals,9574.5239999999976,45
Gold,Bags,4915.0029999999979,92
Gold,Nest-Canada,3925.4390000000003,18
Gold,Lifestyle,3784.7780000000002,164
Gold,Headgear,1718.8409999999994,41
Gold,Gift Cards,760.0,8
Gold,Backpacks,658.434,7
Gold,Google,622.24,9
Gold,Bottles,463.01900000000006,17
Gold,Fun,309.75200000000007,7
Gold,Accessories,255.375,9
Gold,Waze,220.823,28
Gold,More Bags,112.58500000000001,4
Gold,Housewares,107.6,3
Gold,Android,8.952,1
None,Nest-USA,394953.52899999905,2503
None,Apparel,97072.3900000007,3268
None,Nest,80700.293999999951,418
None,Office,36072.440000000068,1115
None,Drinkware,25776.669000000045,641
None,Notebooks & Journals,25220.61,135
None,Bags,24394.021000000022,337
None,Lifestyle,11463.640999999971,593
None,Nest-Canada,10986.539999999999,56
None,Gift Cards,5850.246,41
None,Accessories,2542.0850000000009,34
None,Headgear,2498.3839999999991,119
None,Bottles,1271.1180000000002,40
None,Google,1164.0439999999999,15
None,Backpacks,995.142,15
None,Waze,910.032,101
None,Fun,398.44400000000007,25
None,Housewares,346.378,20
None,More Bags,156.24900000000002,4
None,Android,101.86399999999998,6
Silver,Nest-USA,222981.18500000081,1440
Silver,Apparel,43701.108999999917,1806
Silver,Nest,42204.749999999978,212
Silver,Office,20966.942000000017,675
Silver,Drinkware,19193.237000000005,357
Silver,Headgear,15514.077000000007,77
Silver,Bags,9545.9679999999989,186
Silver,Notebooks & Journals,7982.6669999999976,83
Silver,Lifestyle,6425.2570000000014,337
Silver,Nest-Canada,4741.57,23
Silver,Gift Cards,1148.188,15
Silver,Google,922.10500000000013,7
Silver,Bottles,895.16,32
Silver,Housewares,619.062,13
Silver,Waze,587.65700000000027,60
Silver,Backpacks,504.49499999999995,7
Silver,Accessories,447.91,30
Silver,Fun,386.26000000000005,15
Silver,More Bags,175.909,8
Silver,Android,69.744,5