preferred_channel,product_category,revenue
Email,Office,56109.831999999915
Email,Nest-USA,523127.62199999776
Email,Bags,33330.383000000053
Email,Apparel,118801.46300000128
Email,Drinkware,40596.364
Email,Nest,105049.33199999992
SMS,Office,22346.258000000009
SMS,Lifestyle,5184.9840000000049
SMS,Drinkware,19565.823000000008
SMS,Bags,11308.589000000002
Email,Nest-Canada,10732.914000000004
Email,Headgear,15023.851999999986
Chatbot,Nest,47778.827999999943
Chatbot,Nest-USA,215653.12800000096
Chatbot,Apparel,63571.304999999753
Chatbot,Bags,10693.310999999996
Chatbot,Office,23311.376000000022
Chatbot,Lifestyle,6140.044
SMS,Apparel,41063.170999999922
Chatbot,Google,1122.8470000000002
Chatbot,Drinkware,17082.136999999984
Chatbot,Notebooks & Journals,13267.167000000001
Chatbot,Bottles,478.514
Social Media,Nest-USA,120585.66600000042
Social Media,Lifestyle,2987.667
Social Media,Office,11469.825
Social Media,Apparel,26815.762000000032
Social Media,Bags,5788.0139999999983
Social Media,Nest,21676.084000000003
SMS,Nest-USA,219615.0050000003
SMS,Notebooks & Journals,5910.1609999999955
SMS,Backpacks,708.75600000000009
Social Media,Drinkware,7835.6209999999992
Email,Notebooks & Journals,29571.430000000008
Email,Lifestyle,19249.421999999962
SMS,Nest,37962.463999999964
SMS,Headgear,6578.9109999999991
Email,Bottles,1674.3400000000004
Email,Fun,2447.1949999999988
Chatbot,Gift Cards,2045.602
Social Media,Nest-Canada,4711.517
Social Media,Headgear,9064.771
Social Media,Notebooks & Journals,3519.766
Chatbot,Waze,398.79600000000011
Chatbot,Headgear,1386.1690000000003
Chatbot,Accessories,471.731
Email,Accessories,1053.4140000000002
Email,Waze,1282.4600000000003
SMS,Android,15.99
SMS,Bottles,770.28300000000013
SMS,Gift Cards,1764.1950000000002
SMS,Housewares,217.51999999999998
SMS,Google,629.487
Email,Housewares,1345.6100000000001
Email,More Bags,219.44899999999996
SMS,Nest-Canada,7070.974
Social Media,Bottles,249.27500000000003
Social Media,Accessories,2235.054000000001
Email,Google,3445.121
SMS,Waze,603.68200000000013
SMS,Accessories,377.94100000000003
Email,Gift Cards,3227.4880000000003
Email,Backpacks,1849.1009999999999
Chatbot,Housewares,183.9
Email,Android,125.554
Social Media,More Bags,47.492999999999995
SMS,Fun,494.55300000000011
Social Media,Fun,104.98300000000002
Social Media,Waze,377.59499999999991
Chatbot,Backpacks,636.193
Chatbot,Nest-Canada,6016.427
Social Media,Housewares,67.94
SMS,More Bags,362.06100000000004
Social Media,Google,150.783
Chatbot,Fun,268.534
Chatbot,Android,101.131
Social Media,Gift Cards,2487.5
Social Media,Android,58.538
Social Media,Backpacks,259.972